Batch Number,Registration Date,902.000000,903.524230,907.048460,910.572690,914.096920,917.621140,921.145370,924.669600,928.193830,931.718060,935.242290,938.766520,942.290750,945.814980,949.339210,952.863430,956.387660,959.911890,963.436120,966.960350,970.484580,974.008810,977.533040,981.057270,984.581500,988.105730,991.629950,995.154180,998.678410,1002.202600,1005.726900,1009.251100,1012.775300,1016.299600,1019.823800,1023.348000,1026.872200,1030.396500,1033.920700,1037.444900,1040.969200,1044.493400,1048.017600,1051.541800,1055.066100,1058.590300,1062.114500,1065.638800,1069.163000,1072.687200,1076.211500,1079.735700,1083.259900,1086.784100,1090.308400,1093.832600,1097.356800,1100.881100,1104.405300,1107.929500,1111.453700,1114.978000,1118.502200,1122.026400,1125.550700,1129.074900,1132.599100,1136.123300,1139.647600,1143.171800,1146.696000,1150.220300,1153.744500,1157.268700,1160.792900,1164.317200,1167.841400,1171.365600,1174.889900,1178.414100,1181.938300,1185.462500,1188.986800,1192.511000,1196.035200,1199.559500,1203.083700,1206.607900,1210.132200,1213.656400,1217.180600,1220.704800,1224.229100,1227.753300,1231.277500,1234.801800,1238.326000,1241.850200,1245.374400,1248.898700,1252.422900,1255.947100,1259.471400,1262.995600,1266.519800,1270.044000,1273.568300,1277.092500,1280.616700,1284.141000,1287.665200,1291.189400,1294.713600,1298.237900,1301.762100,1305.286300,1308.810600,1312.334800,1315.859000,1319.383300,1322.907500,1326.431700,1329.955900,1333.480200,1337.004400,1340.528600,1344.052900,1347.577100,1351.101300,1354.625500,1358.149800,1361.674000,1365.198200,1368.722500,1372.246700,1375.770900,1379.295100,1382.819400,1386.343600,1389.867800,1393.392100,1396.916300,1400.440500,1403.964700,1407.489000,1411.013200,1414.537400,1418.061700,1421.585900,1425.110100,1428.634400,1432.158600,1435.682800,1439.207000,1442.731300,1446.255500,1449.779700,1453.304000,1456.828200,1460.352400,1463.876600,1467.400900,1470.925100,1474.449300,1477.973600,1481.497800,1485.022000,1488.546200,1492.070500,1495.594700,1499.118900,1502.643200,1506.167400,1509.691600,1513.215800,1516.740100,1520.264300,1523.788500,1527.312800,1530.837000,1534.361200,1537.885400,1541.409700,1544.933900,1548.458100,1551.982400,1555.506600,1559.030800,1562.555100,1566.079300,1569.603500,1573.127700,1576.652000,1580.176200,1583.700400,1587.224700,1590.748900,1594.273100,1597.797300,1601.321600,1604.845800,1608.370000,1611.894300,1615.418500,1618.942700,1622.466900,1625.991200,1629.515400,1633.039600,1636.563900,1640.088100,1643.612300,1647.136500,1650.660800,1654.185000,1657.709200,1661.233500,1664.757700,1668.281900,1671.806200,1675.330400,1678.854600,1682.378800,1685.903100,1689.427300,1692.951500,1696.475800,1700.000000
'para_labpor_T02_inf_directo','03/06/2026 10:53:58',0.008527,0.009922,0.011120,0.010001,0.009406,0.010405,0.011824,0.012978,0.013808,0.013259,0.012088,0.010673,0.008978,0.008441,0.007630,0.007616,0.007263,0.007222,0.008112,0.009025,0.009435,0.009858,0.011014,0.012051,0.012678,0.013958,0.014288,0.014677,0.015317,0.015031,0.015149,0.014612,0.014603,0.013625,0.013384,0.013438,0.013374,0.013261,0.013529,0.014546,0.015393,0.015850,0.016831,0.017214,0.017482,0.017655,0.017860,0.018036,0.018184,0.017864,0.017795,0.018542,0.018604,0.018508,0.019068,0.019938,0.021253,0.023434,0.027122,0.032564,0.039137,0.044143,0.046159,0.048337,0.054339,0.063323,0.072001,0.075436,0.072169,0.064971,0.058369,0.053790,0.051635,0.052012,0.054004,0.056381,0.058445,0.060297,0.061660,0.061964,0.061210,0.059092,0.055603,0.051928,0.049040,0.047149,0.045635,0.045499,0.045733,0.045578,0.045419,0.045344,0.044145,0.042728,0.041351,0.039762,0.038434,0.038189,0.039018,0.039891,0.040892,0.042469,0.043968,0.044989,0.045136,0.044960,0.045057,0.045730,0.046552,0.047195,0.048369,0.049723,0.050832,0.052360,0.053934,0.054974,0.055798,0.056432,0.056576,0.056456,0.055685,0.055730,0.056533,0.057934,0.059688,0.061625,0.063975,0.067612,0.071838,0.075843,0.079010,0.081012,0.083039,0.085803,0.089385,0.092868,0.095117,0.096981,0.099029,0.101652,0.105233,0.108744,0.112040,0.115477,0.118694,0.122209,0.125725,0.129983,0.134180,0.138298,0.142448,0.145548,0.147556,0.148630,0.149423,0.150205,0.150983,0.151765,0.152214,0.152827,0.153363,0.154342,0.154450,0.154414,0.154630,0.155197,0.155935,0.157335,0.159777,0.162916,0.167899,0.174170,0.181354,0.188735,0.195253,0.201520,0.207504,0.210793,0.212434,0.213930,0.216660,0.219168,0.221779,0.223980,0.227088,0.230873,0.236635,0.242872,0.248620,0.253068,0.254549,0.254472,0.253631,0.254712,0.256268,0.259743,0.261414,0.265913,0.269912,0.272679,0.274970,0.277601,0.280855,0.283955,0.288012,0.292810,0.298230,0.306924,0.321248,0.338082,0.345121,0.341231,0.333691,0.328867,0.328107,0.333293,0.340599,0.348783,0.351766,0.344708,0.329064,0.306052,0.292795,0.278184,0.277299,0.263011,0.254929,0.248228
'para_labpor_T02_inf_directo','03/06/2026 10:53:09',0.007784,0.008951,0.009778,0.008687,0.008946,0.011348,0.013278,0.013720,0.013738,0.013520,0.012688,0.011225,0.009707,0.008943,0.008537,0.008974,0.008927,0.008763,0.009303,0.010027,0.010545,0.011174,0.012200,0.013527,0.014076,0.014994,0.015593,0.016141,0.016578,0.016470,0.016521,0.015859,0.015464,0.015321,0.015108,0.014722,0.014520,0.014600,0.014941,0.015648,0.016398,0.017123,0.017760,0.018254,0.018880,0.018941,0.018874,0.018935,0.019202,0.018811,0.018431,0.019211,0.019116,0.018863,0.019927,0.020557,0.021972,0.023815,0.027539,0.033304,0.039823,0.044614,0.046693,0.048860,0.054620,0.063877,0.072277,0.075477,0.072859,0.065578,0.058458,0.054056,0.051913,0.052055,0.054036,0.056724,0.059046,0.060800,0.062050,0.062217,0.061172,0.059011,0.055775,0.052332,0.048955,0.047298,0.045977,0.045698,0.045558,0.045769,0.045995,0.045675,0.044730,0.043339,0.041753,0.039808,0.038933,0.038804,0.039242,0.040171,0.041347,0.042848,0.044295,0.045328,0.045567,0.045328,0.045556,0.046158,0.046746,0.047560,0.048815,0.049925,0.051088,0.052532,0.054226,0.055489,0.056050,0.056469,0.056634,0.056439,0.055968,0.056030,0.056685,0.058084,0.059658,0.061744,0.064114,0.068027,0.072344,0.076418,0.079076,0.081217,0.083354,0.085967,0.089636,0.092958,0.095499,0.097244,0.099127,0.102157,0.105672,0.109359,0.112765,0.116013,0.119205,0.122751,0.126261,0.130412,0.134876,0.139199,0.143311,0.146441,0.148365,0.149394,0.150470,0.151288,0.152029,0.152628,0.152882,0.153886,0.154091,0.155001,0.155504,0.155808,0.156167,0.156325,0.156907,0.158548,0.160649,0.163956,0.168927,0.175229,0.182164,0.189706,0.196048,0.202664,0.208680,0.211742,0.213570,0.215235,0.218037,0.220667,0.223445,0.226038,0.228592,0.232602,0.238441,0.244423,0.250023,0.255073,0.256772,0.256439,0.255977,0.256858,0.259309,0.261560,0.264756,0.268858,0.272809,0.276266,0.278629,0.280686,0.284420,0.286793,0.291307,0.296660,0.301924,0.310893,0.326232,0.342802,0.349991,0.346948,0.340462,0.335244,0.334119,0.338209,0.347772,0.354934,0.358917,0.351675,0.333822,0.315789,0.297503,0.288860,0.282113,0.271106,0.261497,0.251647
'para_labpor_T02_sup_directo','03/06/2026 10:51:47',0.010238,0.011345,0.012193,0.011207,0.010394,0.010706,0.012343,0.014142,0.014965,0.014289,0.013306,0.012278,0.010866,0.010068,0.009390,0.009522,0.009541,0.009831,0.010600,0.011250,0.011609,0.012106,0.013389,0.014315,0.015088,0.015908,0.016643,0.017084,0.017182,0.017310,0.017418,0.016971,0.016606,0.016004,0.015826,0.015490,0.015462,0.015487,0.015699,0.016984,0.017782,0.018026,0.018898,0.019440,0.019705,0.019869,0.020050,0.019908,0.020138,0.019910,0.019653,0.020516,0.020569,0.020656,0.021121,0.021909,0.023118,0.025071,0.028772,0.034398,0.041033,0.046104,0.048108,0.050107,0.055838,0.064585,0.073469,0.077068,0.073923,0.066200,0.060141,0.055545,0.053209,0.053512,0.055353,0.057776,0.060139,0.061748,0.063051,0.063460,0.062189,0.059888,0.056768,0.053198,0.050117,0.048058,0.046978,0.046447,0.046293,0.046368,0.046478,0.046392,0.045665,0.044489,0.042502,0.040861,0.039878,0.039917,0.040466,0.041254,0.042378,0.043907,0.045441,0.046402,0.046445,0.046236,0.046595,0.047196,0.048165,0.048848,0.049881,0.051030,0.052148,0.053485,0.055108,0.056488,0.057343,0.057715,0.057970,0.057752,0.057039,0.057166,0.057978,0.059410,0.060960,0.062979,0.065306,0.068925,0.073115,0.077263,0.080294,0.082105,0.084167,0.086810,0.090411,0.093723,0.096019,0.097856,0.099761,0.102659,0.106343,0.109922,0.113134,0.116418,0.119856,0.123446,0.126839,0.130988,0.135205,0.139459,0.143739,0.146772,0.148712,0.150199,0.150632,0.151834,0.152456,0.152782,0.153600,0.154122,0.154847,0.155257,0.156109,0.156047,0.156172,0.156781,0.157358,0.158691,0.160886,0.163955,0.168616,0.174617,0.181352,0.188438,0.194800,0.201200,0.207029,0.209973,0.211575,0.213362,0.216021,0.218255,0.221189,0.223355,0.225860,0.229946,0.235247,0.241102,0.246928,0.251223,0.252807,0.252475,0.252066,0.252759,0.255273,0.257516,0.260434,0.264705,0.268400,0.271301,0.273163,0.276056,0.278447,0.282095,0.285296,0.290430,0.296052,0.304653,0.318797,0.333454,0.341444,0.337006,0.330539,0.326304,0.326148,0.330663,0.337713,0.344347,0.350008,0.340287,0.326524,0.308015,0.289677,0.274181,0.274885,0.262643,0.259131,0.251232
'para_labpor_T02_sup_directo','03/06/2026 10:51:00',0.006895,0.007656,0.007840,0.006807,0.006124,0.006898,0.010330,0.011921,0.012136,0.011336,0.010178,0.009083,0.007679,0.006968,0.006237,0.006098,0.006166,0.006435,0.007290,0.008080,0.008381,0.009013,0.009826,0.010865,0.012026,0.013234,0.013581,0.013883,0.014326,0.014230,0.014353,0.013926,0.013688,0.013217,0.012989,0.012518,0.012426,0.012424,0.012610,0.013672,0.014391,0.015093,0.015608,0.015996,0.016310,0.016741,0.016786,0.016602,0.016869,0.016565,0.016189,0.016790,0.016983,0.017130,0.017464,0.018148,0.019497,0.021579,0.025225,0.030637,0.037367,0.042150,0.044145,0.046328,0.051535,0.060286,0.068873,0.072132,0.069643,0.062215,0.055579,0.051058,0.049428,0.049937,0.051662,0.054034,0.055943,0.057846,0.059112,0.059546,0.058970,0.056298,0.053279,0.049764,0.046679,0.045009,0.043660,0.043360,0.043436,0.043439,0.043602,0.043212,0.042410,0.041069,0.039059,0.037386,0.036512,0.036500,0.037054,0.037988,0.039123,0.040471,0.041945,0.042812,0.042932,0.042751,0.042958,0.043721,0.044473,0.045083,0.046297,0.047430,0.048481,0.049948,0.051534,0.052679,0.053512,0.053876,0.054054,0.053978,0.053523,0.053391,0.054286,0.055834,0.057418,0.059215,0.061676,0.065165,0.069482,0.073423,0.076315,0.078347,0.080421,0.083033,0.086679,0.089856,0.092163,0.093853,0.095932,0.098921,0.102519,0.106113,0.109627,0.113025,0.116305,0.120263,0.123616,0.127879,0.132532,0.136685,0.140866,0.143835,0.145875,0.147418,0.148262,0.149195,0.150006,0.150904,0.151515,0.151747,0.152392,0.152814,0.153352,0.153401,0.153498,0.153893,0.154514,0.155763,0.157872,0.160631,0.165324,0.171210,0.177938,0.184269,0.190242,0.196836,0.201982,0.205800,0.206783,0.208555,0.210957,0.213463,0.216023,0.218204,0.221407,0.225195,0.230310,0.236188,0.241673,0.245813,0.247114,0.247248,0.247051,0.247418,0.249258,0.251780,0.254541,0.259424,0.262724,0.265749,0.267718,0.269494,0.272862,0.276615,0.279877,0.284618,0.290071,0.298510,0.312566,0.328325,0.335505,0.331182,0.324433,0.320145,0.319893,0.323723,0.331997,0.338320,0.341629,0.336063,0.320704,0.299760,0.282791,0.269880,0.270500,0.257904,0.249343,0.242060
'para_labpor_T01_inf_directo','03/06/2026 10:48:11',0.003315,0.004609,0.005940,0.005020,0.004676,0.006216,0.007627,0.009136,0.009706,0.008698,0.007860,0.006785,0.004935,0.004353,0.003455,0.003410,0.003406,0.003369,0.004170,0.004972,0.005304,0.006159,0.006641,0.007668,0.008289,0.009476,0.009872,0.010158,0.010743,0.010766,0.010942,0.010203,0.009609,0.009363,0.009102,0.009132,0.009114,0.008874,0.009389,0.010425,0.010712,0.011190,0.012392,0.012856,0.013032,0.013267,0.013297,0.013291,0.013550,0.013203,0.013245,0.014033,0.013760,0.013840,0.014389,0.015027,0.016642,0.018435,0.021645,0.027110,0.033304,0.038212,0.040183,0.041773,0.047302,0.056062,0.064183,0.067517,0.064583,0.057524,0.051315,0.046956,0.044964,0.045080,0.046967,0.049292,0.051330,0.052986,0.054291,0.054736,0.053656,0.051454,0.048299,0.044969,0.041945,0.040224,0.039207,0.038711,0.038722,0.038788,0.039008,0.038847,0.037774,0.036625,0.034995,0.033107,0.032237,0.032190,0.032778,0.033687,0.034814,0.036150,0.037451,0.038519,0.038740,0.038787,0.038817,0.039102,0.039952,0.040771,0.041953,0.042989,0.044069,0.045364,0.046927,0.048064,0.048665,0.049210,0.049344,0.049166,0.048611,0.048724,0.049286,0.050712,0.052234,0.054096,0.056420,0.059840,0.063744,0.067728,0.070480,0.072256,0.074307,0.076747,0.080192,0.083234,0.085631,0.087251,0.089106,0.091666,0.094959,0.098358,0.101507,0.104528,0.107573,0.110831,0.114025,0.117851,0.122094,0.125995,0.129743,0.132822,0.134826,0.135867,0.136538,0.137272,0.137925,0.138679,0.138838,0.139501,0.139950,0.140655,0.141215,0.141496,0.141610,0.141892,0.142649,0.143960,0.146233,0.149422,0.154211,0.159782,0.166533,0.173611,0.179734,0.186003,0.191588,0.194689,0.195962,0.197716,0.200301,0.202785,0.204798,0.207892,0.209966,0.214088,0.219140,0.224934,0.230329,0.234666,0.236437,0.236243,0.235770,0.236912,0.238984,0.241014,0.243809,0.248133,0.251459,0.254706,0.256805,0.258975,0.261880,0.264872,0.268286,0.273376,0.278037,0.286514,0.300506,0.316430,0.323574,0.319119,0.312861,0.307869,0.308187,0.311784,0.319190,0.326677,0.328960,0.322186,0.307281,0.287141,0.270428,0.257481,0.252995,0.244971,0.234707,0.226671
'para_labpor_T01_inf_directo','03/06/2026 10:47:15',0.005365,0.005845,0.006353,0.005491,0.004714,0.006503,0.009523,0.009509,0.009342,0.008904,0.007797,0.006913,0.005273,0.004152,0.004226,0.003605,0.003951,0.004298,0.004412,0.005355,0.006056,0.006322,0.007231,0.008014,0.008927,0.010022,0.010281,0.010845,0.011490,0.011042,0.011197,0.010908,0.010332,0.009834,0.009619,0.009564,0.009511,0.009285,0.009603,0.010643,0.011188,0.011689,0.012649,0.013416,0.013605,0.013264,0.013286,0.013300,0.013766,0.013991,0.013647,0.014161,0.014074,0.013750,0.014676,0.015369,0.016787,0.018439,0.021975,0.027183,0.033554,0.038522,0.040397,0.042147,0.047470,0.056189,0.064450,0.067611,0.064893,0.058212,0.051439,0.047098,0.045028,0.045532,0.047118,0.049013,0.051249,0.053064,0.054287,0.054796,0.053853,0.051332,0.048176,0.044892,0.042134,0.040062,0.038916,0.038569,0.038481,0.038549,0.038857,0.038686,0.038007,0.036547,0.034632,0.033062,0.032541,0.032299,0.032762,0.033627,0.034737,0.036318,0.037571,0.038397,0.038679,0.038621,0.038801,0.039246,0.039842,0.040842,0.041813,0.042892,0.044029,0.045439,0.046828,0.047851,0.048798,0.049239,0.049309,0.049236,0.048580,0.048623,0.049324,0.050805,0.052174,0.053967,0.056216,0.059722,0.063739,0.067519,0.070411,0.072007,0.074029,0.076510,0.079835,0.083144,0.085382,0.087003,0.088902,0.091408,0.094754,0.098162,0.101156,0.104147,0.107260,0.110538,0.113899,0.117718,0.121937,0.125770,0.129740,0.132429,0.134365,0.135583,0.136545,0.137312,0.137967,0.138533,0.138736,0.139496,0.140000,0.140582,0.141179,0.141444,0.141464,0.141923,0.142432,0.143961,0.146261,0.149286,0.154177,0.159556,0.166715,0.173219,0.179602,0.185881,0.191768,0.194820,0.196197,0.198132,0.200451,0.202768,0.205455,0.207776,0.210028,0.214003,0.219354,0.225363,0.230389,0.234572,0.236517,0.235963,0.235856,0.236760,0.238440,0.240926,0.243956,0.248208,0.252226,0.254325,0.256682,0.259574,0.262772,0.265948,0.269118,0.274386,0.279395,0.287711,0.301906,0.317266,0.324021,0.320223,0.313586,0.309778,0.308951,0.313734,0.320532,0.327717,0.330282,0.324832,0.308422,0.289908,0.271804,0.260269,0.256502,0.247757,0.239253,0.231963
'para_labpor_T01_sup_directo','03/06/2026 10:45:21',0.005123,0.007134,0.007990,0.005430,0.004976,0.007277,0.009548,0.010366,0.010644,0.010093,0.008856,0.007712,0.006431,0.005488,0.005294,0.005208,0.005380,0.005355,0.006007,0.007006,0.007166,0.007796,0.008734,0.009916,0.010709,0.011944,0.012008,0.012278,0.012828,0.012653,0.013258,0.012220,0.012110,0.011610,0.011362,0.011188,0.011076,0.010809,0.011076,0.012449,0.013327,0.013757,0.014606,0.015129,0.015351,0.015289,0.015571,0.015652,0.015879,0.015858,0.015426,0.015835,0.016077,0.016041,0.016421,0.017532,0.018768,0.020843,0.024306,0.029822,0.036680,0.041231,0.042963,0.045356,0.051187,0.060013,0.068581,0.071675,0.068920,0.061725,0.055111,0.050598,0.048414,0.048627,0.050601,0.052867,0.054890,0.056725,0.057872,0.058210,0.057494,0.055225,0.051737,0.048231,0.045291,0.043260,0.042111,0.041807,0.041672,0.041834,0.042025,0.041603,0.040967,0.039550,0.037749,0.036161,0.035296,0.035272,0.035674,0.036457,0.037797,0.039277,0.040637,0.041704,0.041903,0.041702,0.041996,0.042590,0.043184,0.044206,0.045168,0.046340,0.047272,0.048693,0.050417,0.051724,0.052533,0.052745,0.053063,0.052895,0.052183,0.052307,0.052979,0.054358,0.056000,0.057820,0.059993,0.063860,0.068054,0.072134,0.075151,0.076938,0.078939,0.081469,0.084950,0.087930,0.090514,0.092311,0.094322,0.097079,0.100460,0.103909,0.107126,0.110121,0.113250,0.116916,0.119952,0.123935,0.128213,0.132257,0.136357,0.139124,0.140897,0.142265,0.143075,0.143849,0.144594,0.145204,0.145657,0.146577,0.146852,0.147317,0.148089,0.148106,0.148526,0.148960,0.149594,0.150985,0.153223,0.156174,0.161157,0.167227,0.174216,0.181147,0.187669,0.193914,0.199865,0.203211,0.204164,0.206145,0.208595,0.211187,0.213794,0.216109,0.218665,0.222518,0.227992,0.234364,0.239612,0.243898,0.245610,0.244925,0.244777,0.245513,0.247394,0.250299,0.252886,0.257472,0.260448,0.263771,0.265945,0.268406,0.271585,0.274663,0.279035,0.283932,0.288825,0.298031,0.311716,0.328130,0.335248,0.330730,0.323777,0.319548,0.320022,0.323300,0.332554,0.338742,0.343623,0.336890,0.321415,0.301036,0.282853,0.274727,0.267061,0.257293,0.249251,0.243572
'para_labpor_T01_sup_directo','03/06/2026 10:44:36',0.003873,0.006127,0.006687,0.004483,0.004824,0.006111,0.008000,0.008936,0.009607,0.008885,0.007617,0.006588,0.005032,0.004476,0.004091,0.003781,0.003889,0.003951,0.004726,0.005673,0.005531,0.006306,0.007877,0.008344,0.008832,0.010181,0.010885,0.011160,0.011519,0.011491,0.011487,0.011057,0.010782,0.010177,0.010093,0.009849,0.009630,0.009506,0.009902,0.010981,0.011518,0.012235,0.013093,0.013714,0.013614,0.013879,0.014021,0.014259,0.014619,0.014332,0.014117,0.014404,0.014554,0.014822,0.015448,0.016045,0.017452,0.019584,0.023288,0.028804,0.035453,0.040228,0.042186,0.044445,0.050036,0.058810,0.067493,0.070622,0.067948,0.060748,0.054057,0.049402,0.047239,0.047488,0.049409,0.051648,0.054065,0.056007,0.056964,0.057238,0.056300,0.054032,0.050665,0.047032,0.043918,0.041927,0.040597,0.040196,0.040277,0.040454,0.040525,0.040360,0.039383,0.038088,0.036288,0.034537,0.033738,0.033716,0.034255,0.035193,0.036315,0.037714,0.039154,0.040161,0.040418,0.040296,0.040607,0.041138,0.041938,0.042805,0.043675,0.045049,0.046042,0.047555,0.049071,0.050198,0.051058,0.051595,0.051868,0.051568,0.050841,0.051014,0.051790,0.053303,0.054816,0.056807,0.059073,0.062689,0.066727,0.070625,0.073709,0.075463,0.077645,0.080251,0.083733,0.086919,0.089274,0.091118,0.093135,0.095911,0.099357,0.103086,0.106424,0.109216,0.112268,0.115846,0.119148,0.122994,0.127161,0.131454,0.135582,0.138301,0.140464,0.141786,0.142417,0.143313,0.144165,0.144674,0.145040,0.145793,0.146621,0.146746,0.147582,0.147933,0.147937,0.148154,0.148923,0.150176,0.152398,0.155633,0.160270,0.166101,0.173666,0.180426,0.186450,0.193334,0.198977,0.202524,0.203980,0.205541,0.208254,0.210658,0.213565,0.215750,0.218563,0.222168,0.227862,0.234114,0.239565,0.243916,0.245751,0.245685,0.245474,0.246471,0.247657,0.250459,0.253139,0.257693,0.261194,0.264468,0.266843,0.269036,0.272109,0.275335,0.279331,0.283796,0.289465,0.297622,0.312421,0.328201,0.335404,0.331591,0.324082,0.319585,0.318791,0.322863,0.331806,0.337581,0.342932,0.335180,0.319047,0.298620,0.283350,0.270615,0.268062,0.257916,0.250045,0.239094
'para_quilab_T02_inf_directo','03/06/2026 10:42:22',0.017181,0.018718,0.019971,0.018216,0.017433,0.019662,0.021818,0.022259,0.022982,0.023031,0.022282,0.021378,0.020084,0.019793,0.019331,0.018993,0.019597,0.019918,0.020702,0.021610,0.021526,0.022652,0.023790,0.024857,0.025468,0.026700,0.027584,0.028007,0.028340,0.028522,0.028630,0.028200,0.028271,0.028111,0.028073,0.027786,0.027620,0.027684,0.028133,0.029226,0.029951,0.030535,0.031482,0.031824,0.031991,0.031908,0.032160,0.032238,0.032385,0.032064,0.031683,0.032290,0.032248,0.032355,0.032824,0.033476,0.034911,0.036497,0.040092,0.045838,0.052917,0.057829,0.059319,0.061428,0.067440,0.076009,0.084937,0.088626,0.085361,0.077754,0.070568,0.065520,0.063161,0.063305,0.065164,0.067445,0.069692,0.071757,0.072834,0.073024,0.072330,0.070013,0.066322,0.062548,0.059502,0.057552,0.056184,0.056060,0.056308,0.056768,0.057103,0.057079,0.056171,0.054913,0.052753,0.050876,0.050190,0.049948,0.050346,0.051300,0.052677,0.054261,0.055703,0.056864,0.057108,0.056914,0.057073,0.057654,0.058357,0.059172,0.060088,0.060970,0.062143,0.063721,0.065165,0.066293,0.066842,0.067361,0.067292,0.066908,0.066177,0.066096,0.066542,0.067938,0.069434,0.071183,0.073663,0.077380,0.082098,0.086373,0.089893,0.091854,0.094069,0.096980,0.100686,0.103636,0.106006,0.107278,0.108691,0.111158,0.113865,0.116328,0.118391,0.120669,0.122894,0.125526,0.128080,0.131084,0.134588,0.138181,0.141632,0.144036,0.145557,0.146575,0.147151,0.148085,0.149039,0.150053,0.150892,0.152276,0.153773,0.155418,0.156883,0.158455,0.159502,0.160801,0.162684,0.164922,0.167974,0.171834,0.177391,0.183910,0.191216,0.198633,0.204759,0.211729,0.217256,0.221067,0.222621,0.224663,0.227168,0.229325,0.232363,0.234440,0.237430,0.240871,0.246540,0.251921,0.257371,0.261358,0.263226,0.263517,0.262713,0.263524,0.265501,0.268507,0.271332,0.274588,0.277890,0.281122,0.282737,0.284731,0.287460,0.289760,0.294382,0.299038,0.303580,0.311749,0.324599,0.339298,0.345902,0.341146,0.336633,0.331336,0.331942,0.335328,0.342851,0.349454,0.352592,0.346174,0.332060,0.314396,0.299328,0.289772,0.283998,0.278401,0.268733,0.262278
'para_quilab_T02_inf_directo','03/06/2026 10:41:54',0.006639,0.007629,0.008191,0.006853,0.006312,0.007627,0.009397,0.010565,0.011158,0.010044,0.008770,0.007804,0.005832,0.005001,0.004895,0.004559,0.004407,0.004283,0.004551,0.005463,0.005983,0.006010,0.006723,0.007999,0.008669,0.009435,0.010204,0.010956,0.011211,0.011153,0.011407,0.010863,0.010860,0.010591,0.010661,0.010573,0.010448,0.010450,0.011076,0.012123,0.012548,0.013580,0.014599,0.014898,0.015399,0.015428,0.015540,0.015755,0.015812,0.015612,0.015273,0.015745,0.016328,0.016184,0.016661,0.017458,0.018690,0.020531,0.024462,0.030109,0.036846,0.041835,0.043832,0.045967,0.051631,0.060766,0.069515,0.072868,0.069936,0.062495,0.055497,0.050401,0.048388,0.048650,0.050433,0.052936,0.055352,0.057229,0.058458,0.058622,0.057465,0.055355,0.052091,0.047994,0.044895,0.042846,0.041645,0.041322,0.041494,0.041762,0.042092,0.041945,0.040864,0.039458,0.037532,0.035551,0.034568,0.034476,0.035119,0.035983,0.037029,0.038610,0.039978,0.040967,0.041256,0.040995,0.041318,0.041875,0.042445,0.043160,0.044031,0.045182,0.046263,0.047683,0.049167,0.050153,0.051107,0.051408,0.051543,0.051017,0.050386,0.050248,0.050691,0.052071,0.053655,0.055607,0.057802,0.061635,0.065985,0.070290,0.073536,0.075716,0.078003,0.080767,0.084228,0.087118,0.089504,0.090748,0.091957,0.094163,0.096947,0.099611,0.101843,0.103780,0.105967,0.108265,0.110684,0.113726,0.117125,0.120490,0.123995,0.126394,0.127731,0.128371,0.128966,0.130195,0.130967,0.131864,0.132824,0.134531,0.135780,0.137350,0.138583,0.139937,0.141172,0.142506,0.144070,0.146204,0.149438,0.153189,0.158521,0.164531,0.172083,0.179110,0.185025,0.191974,0.197528,0.200982,0.202294,0.204124,0.206766,0.208951,0.211610,0.213510,0.216157,0.219542,0.224850,0.229927,0.235055,0.238759,0.240599,0.240324,0.239775,0.240319,0.242589,0.244530,0.247432,0.250566,0.253750,0.255979,0.257615,0.259317,0.262266,0.265041,0.268119,0.272629,0.276995,0.284807,0.297740,0.311275,0.317329,0.313654,0.307707,0.303318,0.303190,0.307640,0.314257,0.320121,0.322898,0.316305,0.303369,0.285620,0.269967,0.259854,0.256219,0.248129,0.241790,0.233543
'para_quilab_T02_sup_directo','03/06/2026 10:41:14',0.011605,0.012687,0.013519,0.012046,0.011421,0.013226,0.014903,0.016239,0.016572,0.015802,0.014635,0.013193,0.011486,0.010664,0.010883,0.010185,0.009964,0.009954,0.010564,0.011394,0.011481,0.012329,0.013205,0.014013,0.014510,0.015498,0.016584,0.017260,0.017391,0.017543,0.017849,0.017383,0.017131,0.016804,0.016703,0.016673,0.016435,0.016176,0.016816,0.017998,0.018512,0.019273,0.020253,0.020507,0.020959,0.021253,0.021332,0.021094,0.021276,0.021402,0.021031,0.021473,0.021931,0.021821,0.022231,0.022828,0.024263,0.026236,0.029781,0.035264,0.042020,0.047031,0.049191,0.051409,0.056909,0.065819,0.074308,0.077937,0.075205,0.067267,0.060603,0.056115,0.054006,0.054351,0.056101,0.058717,0.060955,0.062539,0.064230,0.064767,0.063570,0.061365,0.058437,0.054635,0.051549,0.049776,0.048548,0.048429,0.048614,0.049148,0.049196,0.048801,0.047868,0.046440,0.044436,0.042321,0.041596,0.041341,0.041634,0.042761,0.043742,0.045122,0.046764,0.047573,0.047977,0.047735,0.047898,0.048361,0.048994,0.049713,0.050706,0.051659,0.052481,0.053951,0.055474,0.056536,0.057332,0.057680,0.057894,0.057413,0.056819,0.056842,0.057267,0.058444,0.060192,0.062101,0.064442,0.068334,0.072790,0.077446,0.080914,0.083002,0.085290,0.088106,0.091689,0.094740,0.096966,0.098479,0.100256,0.102325,0.105364,0.108402,0.111037,0.113657,0.116548,0.119826,0.122904,0.126728,0.130805,0.135140,0.138863,0.141449,0.143510,0.144994,0.145718,0.146843,0.148225,0.149400,0.150208,0.152043,0.153496,0.155131,0.156434,0.157855,0.159066,0.160401,0.161715,0.163691,0.166431,0.169759,0.174559,0.180573,0.187304,0.193696,0.199678,0.206018,0.211052,0.214582,0.215877,0.217526,0.219922,0.222143,0.224593,0.227118,0.229259,0.232828,0.237899,0.243278,0.248369,0.252394,0.253953,0.253652,0.253228,0.253483,0.255719,0.257483,0.260717,0.263229,0.266649,0.269131,0.270815,0.272355,0.274769,0.277443,0.280770,0.285148,0.288929,0.296475,0.309508,0.324072,0.330401,0.326580,0.319975,0.316409,0.315735,0.318840,0.325906,0.332769,0.335545,0.328206,0.314924,0.296564,0.282699,0.270891,0.267346,0.260656,0.250191,0.245760
'para_quilab_T02_sup_directo','03/06/2026 10:40:17',0.011582,0.012619,0.013281,0.011915,0.011197,0.012573,0.014720,0.015576,0.015703,0.015162,0.013790,0.012547,0.011439,0.010311,0.010253,0.009894,0.009887,0.009934,0.010491,0.011337,0.011377,0.011839,0.012852,0.013379,0.014298,0.015570,0.015966,0.016170,0.016749,0.016991,0.017130,0.016769,0.016536,0.015842,0.015850,0.015791,0.015660,0.015690,0.016191,0.017143,0.017731,0.018557,0.019378,0.020118,0.020522,0.020642,0.020662,0.020604,0.020891,0.020766,0.020404,0.020842,0.021142,0.021388,0.021680,0.022581,0.023633,0.025706,0.029166,0.034718,0.041601,0.046790,0.048806,0.050744,0.056441,0.065262,0.073927,0.077542,0.074596,0.067059,0.060259,0.055460,0.053558,0.053784,0.055600,0.058388,0.060752,0.062774,0.064005,0.064224,0.063514,0.061167,0.058025,0.054491,0.051334,0.049300,0.048465,0.047962,0.048150,0.048765,0.049088,0.048864,0.047569,0.046410,0.044313,0.042178,0.041292,0.040975,0.041327,0.042142,0.043242,0.044807,0.046172,0.047029,0.047408,0.047199,0.047383,0.047981,0.048504,0.049270,0.050095,0.051200,0.052100,0.053433,0.054944,0.056211,0.056889,0.057096,0.057414,0.057090,0.056288,0.056210,0.057055,0.058293,0.059923,0.061919,0.064333,0.068236,0.072442,0.076901,0.080326,0.082468,0.084684,0.087677,0.091236,0.094255,0.096542,0.097888,0.099765,0.102229,0.105209,0.108385,0.110963,0.113518,0.116743,0.119710,0.122970,0.126855,0.130986,0.135208,0.139351,0.142182,0.143908,0.145334,0.146355,0.147617,0.148688,0.149850,0.151027,0.152680,0.154012,0.155806,0.157158,0.158437,0.159799,0.160967,0.162395,0.164629,0.166993,0.170131,0.175039,0.180537,0.187400,0.193815,0.199449,0.205740,0.211153,0.213878,0.215561,0.217269,0.219579,0.221943,0.224468,0.226562,0.228958,0.232144,0.237168,0.242462,0.246928,0.250823,0.252990,0.252630,0.251513,0.252388,0.254448,0.256488,0.258790,0.262068,0.264949,0.267495,0.269032,0.270869,0.273327,0.275162,0.279065,0.283202,0.287956,0.295450,0.308304,0.323055,0.328639,0.324501,0.318820,0.312817,0.312475,0.317076,0.322526,0.330371,0.333540,0.327706,0.314659,0.295985,0.280297,0.271598,0.267473,0.259665,0.247613,0.239882
'para_quilab_T01_inf_directo','03/06/2026 10:39:23',0.005563,0.007111,0.007638,0.005846,0.005525,0.006678,0.008576,0.009301,0.009262,0.008821,0.007836,0.006450,0.004945,0.004071,0.003993,0.003584,0.003636,0.003396,0.003738,0.004594,0.004523,0.005140,0.005972,0.006282,0.007192,0.008316,0.008800,0.009211,0.009705,0.009925,0.010249,0.009800,0.009628,0.009326,0.009302,0.008999,0.008860,0.008936,0.009230,0.010352,0.011317,0.011835,0.012708,0.013212,0.013342,0.013699,0.013663,0.013395,0.013852,0.013559,0.013058,0.013847,0.013968,0.013975,0.014574,0.015272,0.016733,0.018332,0.021907,0.027223,0.033981,0.038824,0.040427,0.042576,0.048348,0.056773,0.065134,0.068699,0.065413,0.058441,0.051932,0.047117,0.045114,0.045431,0.047229,0.049612,0.051859,0.053679,0.055057,0.055343,0.054345,0.052257,0.048755,0.045161,0.042039,0.040208,0.039182,0.039250,0.038978,0.039564,0.039818,0.039513,0.038415,0.036999,0.035353,0.033455,0.032569,0.032243,0.032553,0.033300,0.034525,0.036029,0.037187,0.038187,0.038455,0.038309,0.038411,0.038984,0.039708,0.040509,0.041272,0.042298,0.043158,0.044551,0.046048,0.047056,0.047933,0.047996,0.048252,0.047926,0.046995,0.047056,0.047570,0.048811,0.050313,0.051922,0.054099,0.057742,0.062050,0.066186,0.069129,0.071246,0.073426,0.075852,0.079350,0.082238,0.084252,0.085528,0.086874,0.088861,0.091424,0.093768,0.095727,0.097565,0.099605,0.101635,0.103653,0.106378,0.109457,0.112595,0.115728,0.117711,0.118855,0.119865,0.120076,0.120662,0.121520,0.122712,0.123804,0.124969,0.126593,0.127781,0.129349,0.130723,0.132102,0.133391,0.134790,0.136864,0.140007,0.143818,0.148675,0.154992,0.162030,0.168781,0.174851,0.181292,0.186532,0.190098,0.191179,0.192898,0.195277,0.196994,0.199807,0.201589,0.204376,0.207624,0.211734,0.217593,0.222058,0.225461,0.226837,0.226433,0.226022,0.226366,0.228192,0.230429,0.232371,0.236043,0.238648,0.240685,0.242484,0.243936,0.246571,0.248821,0.251386,0.255810,0.259980,0.267304,0.279891,0.293799,0.299553,0.294836,0.288205,0.283840,0.283733,0.287162,0.293398,0.300647,0.302948,0.296537,0.283510,0.266240,0.251760,0.241096,0.237840,0.233142,0.224326,0.216334
'para_quilab_T01_inf_directo','03/06/2026 10:38:46',0.000330,0.002192,0.002812,0.000690,0.000161,0.001064,0.002986,0.003723,0.004076,0.003707,0.002443,0.001417,0.000452,-0.000799,-0.001468,-0.001432,-0.001495,-0.001679,-0.001240,-0.000339,-0.000062,-0.000081,0.000827,0.001742,0.002570,0.003594,0.004222,0.004973,0.005445,0.005363,0.005742,0.005136,0.005144,0.004866,0.004749,0.004373,0.004586,0.004718,0.004937,0.006247,0.006927,0.007712,0.008474,0.009334,0.009796,0.009806,0.009879,0.009876,0.010049,0.009902,0.009891,0.010516,0.010327,0.010482,0.011121,0.011906,0.013090,0.015061,0.019162,0.024395,0.031347,0.036603,0.038358,0.040505,0.046475,0.055733,0.064701,0.068035,0.064854,0.057507,0.050197,0.045422,0.042958,0.043347,0.045391,0.047660,0.049931,0.051824,0.053206,0.053623,0.052589,0.050232,0.046665,0.042681,0.039697,0.037433,0.036006,0.036131,0.036174,0.036542,0.036983,0.036586,0.035660,0.034375,0.032403,0.030535,0.029629,0.029458,0.029960,0.031008,0.032124,0.033413,0.035218,0.036305,0.036253,0.036387,0.036718,0.037136,0.037821,0.038517,0.039455,0.040513,0.041753,0.043102,0.044565,0.045665,0.046489,0.046874,0.046911,0.046494,0.045774,0.045688,0.046333,0.047485,0.048916,0.050785,0.053247,0.057095,0.061652,0.065858,0.069281,0.071380,0.073515,0.076260,0.080080,0.083324,0.085218,0.086448,0.088054,0.090331,0.092985,0.095547,0.097965,0.099865,0.101932,0.104280,0.106416,0.109712,0.112939,0.116399,0.119895,0.121881,0.123438,0.124133,0.124913,0.125554,0.126374,0.127784,0.128715,0.129875,0.131369,0.132990,0.134795,0.136131,0.137506,0.138889,0.140675,0.142728,0.145812,0.149626,0.155066,0.162043,0.169056,0.176463,0.183016,0.189485,0.195301,0.199149,0.200174,0.201889,0.204489,0.206730,0.209391,0.211649,0.214324,0.217482,0.222764,0.228224,0.233012,0.237172,0.239119,0.238634,0.238262,0.238746,0.239815,0.242141,0.244880,0.248975,0.251802,0.254661,0.256246,0.257997,0.260777,0.263369,0.266673,0.270665,0.275681,0.283540,0.296467,0.311955,0.318554,0.314141,0.308157,0.303967,0.303118,0.306451,0.315281,0.320880,0.324828,0.317320,0.304579,0.287976,0.274961,0.264365,0.260020,0.253145,0.241665,0.234730
'para_quilab_T01_sup_directo','03/06/2026 10:38:04',0.011130,0.012696,0.012870,0.011202,0.010727,0.010839,0.013701,0.014495,0.014196,0.013727,0.013088,0.012004,0.010015,0.008866,0.008874,0.008531,0.008539,0.008773,0.009092,0.009535,0.009953,0.010545,0.011218,0.012282,0.012779,0.013952,0.014493,0.014843,0.015299,0.015128,0.015376,0.015284,0.014860,0.014383,0.014493,0.014206,0.014110,0.014213,0.014524,0.015593,0.016138,0.016732,0.017776,0.018196,0.018291,0.018323,0.018513,0.018870,0.019014,0.018560,0.018550,0.018982,0.018839,0.019240,0.019669,0.020209,0.021421,0.023065,0.026668,0.031806,0.038288,0.042930,0.044779,0.046991,0.052178,0.060556,0.068806,0.072270,0.069399,0.062401,0.056118,0.051781,0.049800,0.049943,0.051808,0.054087,0.056207,0.058216,0.059527,0.059750,0.058902,0.056962,0.053872,0.050624,0.047745,0.045772,0.044916,0.044522,0.044473,0.044889,0.045065,0.044825,0.043948,0.042464,0.040639,0.038585,0.037758,0.037505,0.037923,0.038787,0.039715,0.041237,0.042686,0.043525,0.043732,0.043493,0.043723,0.044101,0.044605,0.045381,0.046022,0.047209,0.047994,0.049360,0.050844,0.051981,0.052697,0.053177,0.052741,0.052718,0.051899,0.052018,0.052434,0.053969,0.055429,0.057240,0.059439,0.063189,0.067252,0.071531,0.074706,0.076756,0.078882,0.081464,0.084972,0.087923,0.089975,0.091469,0.092789,0.095003,0.097898,0.100552,0.103005,0.105486,0.107711,0.110416,0.113442,0.116984,0.120794,0.124435,0.127893,0.130378,0.132051,0.133230,0.133944,0.135077,0.136240,0.137381,0.138418,0.139655,0.141231,0.142986,0.144392,0.145509,0.146684,0.148033,0.149597,0.151419,0.154114,0.157354,0.161856,0.167414,0.174263,0.180272,0.185912,0.192007,0.197141,0.200231,0.201643,0.203420,0.205492,0.207619,0.210129,0.211992,0.214959,0.217813,0.222730,0.227974,0.232703,0.236417,0.238119,0.238005,0.237218,0.237554,0.239235,0.241596,0.244054,0.247139,0.250171,0.252725,0.253634,0.256095,0.258550,0.260935,0.264222,0.268579,0.272413,0.279587,0.292210,0.306076,0.312639,0.308458,0.302849,0.298395,0.297610,0.301975,0.309003,0.314647,0.318431,0.313070,0.300203,0.281502,0.268440,0.258233,0.257455,0.249626,0.239332,0.229190
'para_quilab_T01_sup_directo','03/06/2026 10:37:35',0.009633,0.010624,0.011512,0.010351,0.009679,0.011190,0.012848,0.013377,0.014138,0.013356,0.011677,0.010710,0.009517,0.008844,0.008087,0.007590,0.007591,0.007802,0.008406,0.008980,0.008969,0.009432,0.010550,0.011631,0.012134,0.013204,0.013633,0.013952,0.014445,0.014367,0.014520,0.014390,0.014579,0.013622,0.013670,0.013469,0.013489,0.013603,0.013817,0.014914,0.015462,0.016138,0.016886,0.017438,0.017696,0.017666,0.017761,0.017966,0.018192,0.017927,0.017511,0.017941,0.018204,0.018034,0.018429,0.019009,0.020708,0.022456,0.025551,0.030991,0.037352,0.041906,0.043851,0.045983,0.051328,0.059561,0.067870,0.070962,0.068168,0.061371,0.055382,0.050683,0.048670,0.048968,0.050971,0.053466,0.055628,0.057477,0.058786,0.058956,0.058088,0.056366,0.053211,0.049829,0.047141,0.044941,0.044310,0.044215,0.044059,0.044430,0.044654,0.044481,0.043351,0.041810,0.040092,0.038188,0.037196,0.037119,0.037338,0.038110,0.039217,0.040249,0.041477,0.042542,0.042974,0.042754,0.042715,0.043388,0.044185,0.044591,0.045532,0.046610,0.047241,0.048661,0.049891,0.050982,0.051741,0.052201,0.052278,0.051937,0.051363,0.051192,0.051944,0.053048,0.054516,0.056384,0.058648,0.062341,0.066569,0.070726,0.074037,0.076076,0.078146,0.080764,0.084318,0.087342,0.089424,0.090846,0.092244,0.094789,0.097523,0.100165,0.102869,0.105251,0.107687,0.110630,0.113502,0.117187,0.121217,0.125096,0.128595,0.131179,0.133033,0.134014,0.135268,0.136180,0.137351,0.138489,0.139308,0.141027,0.142349,0.143816,0.145552,0.146663,0.147874,0.149313,0.150637,0.152393,0.154924,0.157930,0.162707,0.168326,0.174429,0.180918,0.186437,0.192090,0.197176,0.199942,0.201470,0.203199,0.205207,0.207866,0.210231,0.212199,0.214129,0.217600,0.222388,0.227389,0.231989,0.235729,0.237623,0.236892,0.236056,0.237106,0.238828,0.240846,0.242988,0.246579,0.248985,0.251591,0.252903,0.254177,0.256711,0.259523,0.262153,0.266676,0.270983,0.278224,0.290069,0.304216,0.309102,0.305780,0.300223,0.296543,0.296468,0.298966,0.306365,0.313473,0.315395,0.308837,0.296455,0.279678,0.266565,0.255180,0.252146,0.245342,0.236677,0.228395
'para_cifarm_T02_inf_directo','03/06/2026 10:35:29',0.010051,0.011125,0.011417,0.010065,0.009993,0.011140,0.012524,0.013028,0.013253,0.012694,0.011471,0.010412,0.009130,0.007769,0.007171,0.007314,0.007257,0.007188,0.007631,0.008254,0.008835,0.009394,0.009804,0.010637,0.011269,0.012384,0.013068,0.013629,0.014174,0.014235,0.014425,0.014133,0.014109,0.013649,0.013348,0.013303,0.013271,0.013014,0.013475,0.014823,0.015568,0.016151,0.016861,0.017235,0.017480,0.017777,0.017893,0.017904,0.018325,0.018018,0.017710,0.018310,0.018177,0.018450,0.018905,0.019681,0.020820,0.022604,0.026220,0.031576,0.038378,0.043021,0.044773,0.047130,0.052596,0.061035,0.069679,0.073290,0.070053,0.063128,0.056456,0.051789,0.049635,0.050317,0.052220,0.054499,0.057041,0.058975,0.060338,0.060746,0.059935,0.058084,0.054943,0.051552,0.048719,0.047004,0.045983,0.045580,0.046000,0.046177,0.046495,0.046132,0.045009,0.043561,0.041557,0.039542,0.038501,0.038152,0.038687,0.039324,0.040163,0.041709,0.043025,0.043920,0.044097,0.044102,0.044296,0.044539,0.045102,0.046183,0.046926,0.047807,0.048796,0.050119,0.051544,0.052572,0.053259,0.053724,0.053697,0.053770,0.052926,0.052727,0.053602,0.054878,0.056350,0.058201,0.060719,0.064408,0.069043,0.073251,0.076590,0.079088,0.081329,0.084095,0.087816,0.090686,0.093073,0.094336,0.096139,0.098493,0.101479,0.104318,0.106860,0.109510,0.112299,0.115646,0.118831,0.122586,0.126963,0.131205,0.135303,0.138078,0.140166,0.141775,0.142288,0.143707,0.144565,0.145816,0.147019,0.148706,0.150249,0.151906,0.153615,0.154891,0.156288,0.157636,0.158972,0.161134,0.163883,0.167142,0.171995,0.178164,0.184828,0.191653,0.197774,0.203984,0.209629,0.212984,0.214462,0.216216,0.218422,0.221042,0.223627,0.225994,0.228187,0.231825,0.236980,0.242739,0.247988,0.252324,0.254153,0.253505,0.253044,0.253752,0.255500,0.257467,0.260955,0.264552,0.267604,0.269905,0.271632,0.273787,0.276123,0.278551,0.282748,0.286760,0.291389,0.300194,0.314036,0.330251,0.337529,0.332533,0.324972,0.320922,0.321240,0.324208,0.333259,0.340344,0.345223,0.338953,0.325657,0.307900,0.292836,0.283852,0.284047,0.269570,0.261440,0.255217
'para_cifarm_T02_inf_directo','03/06/2026 10:34:00',0.023573,0.026141,0.026495,0.024025,0.024146,0.024303,0.026288,0.027402,0.027557,0.026713,0.025685,0.024696,0.023019,0.022040,0.021947,0.021724,0.021046,0.021062,0.021834,0.022546,0.022789,0.022784,0.023814,0.024471,0.025523,0.026582,0.027115,0.027526,0.027729,0.027682,0.027842,0.027282,0.027220,0.026763,0.026783,0.026600,0.026387,0.026376,0.026795,0.027972,0.028710,0.028997,0.029896,0.030470,0.030796,0.030829,0.030705,0.030833,0.031155,0.030994,0.030874,0.031329,0.031510,0.031601,0.031981,0.032819,0.033970,0.035713,0.039578,0.044963,0.051719,0.056590,0.058582,0.060875,0.066218,0.074952,0.083478,0.087198,0.084153,0.076672,0.070164,0.065483,0.063659,0.064084,0.066057,0.068475,0.070631,0.072632,0.073872,0.073994,0.073451,0.071626,0.067972,0.064789,0.061884,0.059789,0.059077,0.059013,0.059009,0.059279,0.059495,0.059323,0.057944,0.056371,0.054332,0.052142,0.051114,0.051015,0.051242,0.051908,0.052980,0.054311,0.055738,0.056596,0.056641,0.056364,0.056524,0.057067,0.057622,0.058218,0.059198,0.060127,0.060994,0.062518,0.063932,0.064740,0.065545,0.065793,0.066085,0.065518,0.065135,0.064988,0.065743,0.067014,0.068469,0.070570,0.072665,0.076671,0.081018,0.085502,0.088789,0.091201,0.093560,0.096242,0.099777,0.102945,0.105267,0.106519,0.108091,0.110605,0.113613,0.116342,0.119119,0.121919,0.124589,0.128053,0.131432,0.135664,0.139869,0.144351,0.148619,0.151450,0.153453,0.154791,0.155818,0.156853,0.158357,0.159433,0.160497,0.161848,0.163546,0.164985,0.166628,0.168026,0.169265,0.170701,0.172042,0.174120,0.176457,0.180082,0.184854,0.190616,0.197355,0.204061,0.210156,0.216390,0.221666,0.225004,0.226179,0.227893,0.230430,0.232791,0.235300,0.237753,0.240399,0.243890,0.248766,0.254652,0.259816,0.263422,0.265299,0.265713,0.264944,0.265485,0.267395,0.270116,0.272315,0.275579,0.279148,0.281602,0.282756,0.284887,0.287525,0.290632,0.293202,0.297504,0.302313,0.310439,0.323076,0.338780,0.343976,0.340355,0.333999,0.328078,0.327853,0.331359,0.339690,0.346856,0.349955,0.342846,0.329187,0.311472,0.298638,0.288053,0.285095,0.272478,0.264541,0.253657
'para_cifarm_T02_sup_directo','03/06/2026 10:32:02',0.011991,0.013599,0.014329,0.012539,0.012423,0.013929,0.014909,0.014906,0.015171,0.015247,0.014240,0.012924,0.011698,0.010594,0.010439,0.010087,0.009893,0.009514,0.010153,0.011196,0.011313,0.012193,0.012653,0.013314,0.014157,0.014958,0.015692,0.016519,0.016961,0.016993,0.017198,0.016731,0.016264,0.016035,0.016036,0.015857,0.015866,0.015962,0.016384,0.017342,0.017834,0.018633,0.019550,0.019848,0.020422,0.020643,0.020552,0.020547,0.020725,0.020628,0.020459,0.020851,0.020895,0.020660,0.021433,0.022246,0.023362,0.025293,0.028800,0.034102,0.040859,0.045895,0.047682,0.049567,0.055204,0.064104,0.072770,0.076373,0.073436,0.065848,0.059735,0.055000,0.052751,0.053247,0.055042,0.057514,0.059871,0.061740,0.063280,0.063561,0.062607,0.060663,0.057599,0.054058,0.051079,0.049278,0.048198,0.048257,0.048258,0.048790,0.048828,0.048493,0.047136,0.045566,0.043611,0.041891,0.040570,0.040459,0.040846,0.041556,0.042686,0.044084,0.045629,0.046428,0.046658,0.046530,0.046749,0.047343,0.047883,0.048630,0.049558,0.050420,0.051326,0.052742,0.054149,0.055473,0.056184,0.056549,0.056651,0.056364,0.055546,0.055610,0.056277,0.057574,0.058920,0.060841,0.063285,0.067064,0.071625,0.076050,0.079474,0.081568,0.084058,0.086769,0.090333,0.093265,0.095552,0.096779,0.098583,0.101041,0.103813,0.106672,0.109256,0.111479,0.114225,0.117405,0.120128,0.123816,0.127932,0.131810,0.135589,0.138349,0.140209,0.141242,0.142143,0.143204,0.144409,0.145285,0.146418,0.148084,0.149296,0.150754,0.152466,0.153658,0.155066,0.156517,0.157639,0.159591,0.162453,0.165938,0.170751,0.176871,0.183358,0.190239,0.196327,0.202648,0.208115,0.211312,0.212826,0.214502,0.216975,0.219612,0.222130,0.224336,0.226724,0.229998,0.235209,0.241110,0.245699,0.249824,0.251743,0.251454,0.250625,0.251731,0.253457,0.255935,0.258750,0.262062,0.265147,0.267453,0.270210,0.272081,0.274045,0.277432,0.280427,0.285169,0.290031,0.298352,0.312201,0.327638,0.333177,0.329427,0.322431,0.318286,0.318453,0.321772,0.331151,0.336930,0.341153,0.338082,0.323906,0.307172,0.294074,0.285385,0.282236,0.276462,0.265678,0.256442
'para_cifarm_T02_sup_directo','03/06/2026 10:31:01',0.011091,0.012200,0.012581,0.011602,0.011728,0.012465,0.013619,0.013589,0.014079,0.013711,0.012324,0.011266,0.010136,0.009597,0.009378,0.009401,0.009029,0.008787,0.009521,0.010275,0.010355,0.010818,0.011552,0.012392,0.013375,0.014347,0.014930,0.015395,0.015690,0.015839,0.016132,0.015740,0.015746,0.015236,0.014917,0.014763,0.014717,0.014746,0.015113,0.016048,0.016841,0.017417,0.018404,0.018922,0.019122,0.019317,0.019526,0.019356,0.019303,0.019210,0.019211,0.019587,0.019590,0.019946,0.020259,0.020944,0.022356,0.024010,0.027470,0.033178,0.039882,0.044801,0.046901,0.048834,0.054138,0.063308,0.071687,0.074788,0.072184,0.065171,0.058608,0.053988,0.051837,0.052052,0.054256,0.056560,0.058842,0.060990,0.062037,0.062418,0.061745,0.059604,0.056327,0.052920,0.050325,0.048487,0.047289,0.047529,0.047575,0.047918,0.048280,0.047636,0.046463,0.044922,0.042986,0.041021,0.039827,0.039437,0.039721,0.040664,0.041928,0.043284,0.044655,0.045564,0.045767,0.045628,0.045823,0.046322,0.046811,0.047404,0.048392,0.049505,0.050360,0.051718,0.053289,0.054363,0.055147,0.055584,0.055584,0.055454,0.054723,0.054779,0.055376,0.056707,0.058135,0.060232,0.062407,0.066037,0.070522,0.074990,0.078366,0.080582,0.082856,0.085645,0.089331,0.092444,0.094621,0.096039,0.097719,0.100249,0.103236,0.106244,0.108871,0.111453,0.114169,0.117156,0.120204,0.124062,0.128066,0.132380,0.135976,0.138700,0.140451,0.141907,0.142935,0.143902,0.145186,0.146429,0.147436,0.148984,0.150216,0.152149,0.153787,0.154839,0.156198,0.157794,0.159174,0.161029,0.163496,0.166960,0.171471,0.177231,0.184110,0.190453,0.196333,0.202250,0.207929,0.211008,0.212511,0.214166,0.216435,0.219043,0.221314,0.222955,0.225530,0.228945,0.233815,0.239098,0.244294,0.248067,0.249662,0.249224,0.248395,0.249398,0.251045,0.252531,0.255878,0.259648,0.262351,0.264789,0.266602,0.268016,0.269929,0.273444,0.275734,0.280604,0.284580,0.292233,0.305222,0.320751,0.326803,0.323246,0.316408,0.312680,0.311312,0.315861,0.321704,0.330211,0.332693,0.328065,0.316110,0.298979,0.286111,0.274983,0.272059,0.263125,0.254611,0.250682
'para_cifarm_T01_inf_directo','03/06/2026 10:29:26',0.017867,0.019164,0.019378,0.017001,0.016128,0.017740,0.019889,0.020196,0.019452,0.019003,0.018318,0.016765,0.014956,0.013848,0.013628,0.013226,0.012935,0.012902,0.013123,0.013690,0.013978,0.014169,0.015466,0.015924,0.016529,0.017533,0.018253,0.018765,0.019207,0.019495,0.019604,0.018933,0.018598,0.018333,0.018281,0.018142,0.018105,0.018331,0.019142,0.020291,0.020815,0.021534,0.022519,0.023068,0.023471,0.023782,0.024170,0.024168,0.024373,0.024364,0.023934,0.024320,0.024552,0.024583,0.025227,0.026058,0.027389,0.029444,0.032959,0.038642,0.045300,0.050424,0.052582,0.054633,0.060497,0.069576,0.078542,0.081947,0.078973,0.071370,0.064467,0.059862,0.057670,0.057750,0.059776,0.062473,0.064860,0.066991,0.068430,0.068762,0.067795,0.065384,0.062041,0.058401,0.055201,0.053234,0.051899,0.051737,0.052034,0.052453,0.052565,0.052293,0.051346,0.049620,0.047549,0.045632,0.044368,0.044351,0.044878,0.045584,0.046735,0.048221,0.049844,0.050890,0.051072,0.050954,0.051136,0.051771,0.052272,0.053040,0.054050,0.055128,0.056389,0.057603,0.059085,0.060328,0.061080,0.061514,0.061478,0.061094,0.060380,0.060400,0.060902,0.062152,0.063746,0.065489,0.067838,0.071932,0.076249,0.080701,0.084196,0.086308,0.088489,0.091411,0.095122,0.098127,0.100173,0.101432,0.102765,0.105111,0.107897,0.110400,0.112506,0.114307,0.116294,0.119001,0.121581,0.124719,0.128413,0.131925,0.135229,0.137893,0.139320,0.140337,0.140789,0.141723,0.142709,0.143544,0.144656,0.146061,0.147664,0.149230,0.150985,0.152455,0.153666,0.154921,0.156641,0.158796,0.162052,0.165605,0.171352,0.177879,0.185168,0.192700,0.198712,0.205570,0.211303,0.214531,0.216159,0.217819,0.220200,0.222525,0.225050,0.227566,0.229575,0.233112,0.238100,0.243938,0.249450,0.253005,0.254769,0.254641,0.253560,0.254469,0.255338,0.258160,0.260218,0.264444,0.266890,0.269092,0.270798,0.272967,0.275575,0.278234,0.281311,0.285590,0.290304,0.299211,0.311709,0.327410,0.333184,0.328960,0.322247,0.317985,0.316173,0.320533,0.327202,0.335690,0.338999,0.334183,0.322380,0.306527,0.288446,0.282953,0.279657,0.267478,0.263478,0.254692
'para_cifarm_T01_inf_directo','03/06/2026 10:27:17',0.005566,0.006854,0.007725,0.006576,0.005764,0.006305,0.008289,0.008535,0.008701,0.008605,0.007861,0.007101,0.005921,0.005228,0.005345,0.005043,0.004974,0.005410,0.006234,0.006897,0.007178,0.007791,0.008694,0.009722,0.010357,0.011575,0.012436,0.012962,0.013441,0.013603,0.013781,0.013474,0.013206,0.013112,0.012977,0.012742,0.013069,0.013354,0.013674,0.014734,0.015351,0.016139,0.017144,0.017691,0.017954,0.018231,0.018359,0.018193,0.018532,0.018385,0.018032,0.018544,0.018382,0.018469,0.018968,0.019638,0.020699,0.022576,0.026269,0.031694,0.038627,0.043576,0.045377,0.047440,0.053026,0.062201,0.071000,0.074636,0.071406,0.063921,0.056829,0.052031,0.049826,0.049879,0.051648,0.054339,0.056759,0.058831,0.060201,0.060345,0.059484,0.057228,0.053804,0.050290,0.047051,0.045030,0.043823,0.043788,0.044181,0.044292,0.044670,0.044806,0.043751,0.042103,0.040030,0.038172,0.037450,0.037270,0.037715,0.038724,0.039927,0.041431,0.042884,0.043806,0.043986,0.043851,0.044123,0.044609,0.045415,0.046270,0.046985,0.048100,0.049060,0.050480,0.051955,0.053211,0.054084,0.054172,0.054372,0.054000,0.053209,0.053208,0.053751,0.054996,0.056455,0.058355,0.060710,0.064568,0.069192,0.073770,0.077133,0.079205,0.081587,0.084484,0.088148,0.091248,0.093371,0.094793,0.096432,0.098756,0.101415,0.104041,0.106612,0.108820,0.111096,0.113587,0.116360,0.119667,0.123292,0.127076,0.130556,0.133212,0.134856,0.135752,0.136580,0.137253,0.138202,0.139395,0.140471,0.141795,0.143281,0.145206,0.146701,0.148168,0.149382,0.150813,0.152410,0.154515,0.157403,0.161344,0.166595,0.172994,0.180378,0.187686,0.194095,0.200700,0.206539,0.210177,0.211707,0.213420,0.215736,0.218215,0.220886,0.223249,0.225980,0.229058,0.234723,0.240551,0.245738,0.249775,0.251845,0.251197,0.251115,0.251020,0.252773,0.255043,0.258385,0.262059,0.265342,0.268228,0.270225,0.272122,0.274808,0.277736,0.281196,0.286352,0.291020,0.299642,0.314007,0.328969,0.337272,0.331892,0.326018,0.321268,0.320435,0.325012,0.333997,0.343107,0.348243,0.342975,0.330959,0.318409,0.303200,0.295503,0.293858,0.285203,0.275051,0.266818
'para_cifarm_T01_sup_directo','03/06/2026 10:26:14',0.007405,0.008580,0.009710,0.007711,0.006343,0.008599,0.010121,0.010189,0.010110,0.009711,0.008971,0.007881,0.006427,0.005971,0.005939,0.005795,0.005737,0.005712,0.006373,0.007035,0.007017,0.007864,0.008609,0.008771,0.009854,0.010907,0.011397,0.012022,0.012437,0.012289,0.012559,0.012245,0.012103,0.011802,0.011911,0.011565,0.011365,0.011639,0.012204,0.013318,0.013966,0.014359,0.015292,0.015602,0.015728,0.015945,0.016043,0.016024,0.016301,0.015928,0.015757,0.016470,0.016372,0.016555,0.016778,0.017612,0.018799,0.020379,0.024083,0.029668,0.035653,0.040737,0.042795,0.044335,0.050044,0.058885,0.067508,0.070907,0.067938,0.060631,0.054106,0.049493,0.047219,0.047456,0.049479,0.051923,0.054182,0.056122,0.057371,0.057592,0.056679,0.054579,0.051379,0.047970,0.044990,0.042969,0.041986,0.041966,0.042297,0.042475,0.042836,0.042386,0.041371,0.039743,0.037748,0.035981,0.034927,0.034757,0.035149,0.035862,0.036971,0.038335,0.039768,0.040688,0.040786,0.040791,0.040945,0.041490,0.042147,0.042712,0.043561,0.044702,0.045584,0.046788,0.048420,0.049534,0.050221,0.050540,0.050647,0.050280,0.049510,0.049505,0.050066,0.051223,0.052769,0.054593,0.056927,0.060358,0.064670,0.068956,0.072264,0.074632,0.076671,0.079357,0.082930,0.085916,0.088097,0.089456,0.090971,0.093244,0.096037,0.098612,0.100820,0.102768,0.105153,0.107775,0.110386,0.113433,0.117174,0.120798,0.124220,0.126615,0.127937,0.129116,0.129992,0.130839,0.131764,0.132899,0.134086,0.135153,0.136735,0.138409,0.139897,0.141437,0.142608,0.144121,0.145563,0.147635,0.150570,0.154306,0.159472,0.165295,0.172382,0.179122,0.185129,0.191728,0.197536,0.200933,0.202439,0.204007,0.206432,0.209038,0.211188,0.213868,0.216260,0.219534,0.224594,0.230302,0.235510,0.239097,0.240850,0.240658,0.240163,0.241177,0.242786,0.245167,0.247471,0.251381,0.254523,0.257738,0.259191,0.261097,0.263948,0.266493,0.270470,0.274310,0.279638,0.287335,0.300705,0.315720,0.323014,0.318556,0.313264,0.307528,0.307635,0.311075,0.319278,0.327878,0.331984,0.329815,0.317883,0.303149,0.289676,0.281764,0.280223,0.268990,0.264766,0.254770
'para_cifarm_T01_sup_directo','03/06/2026 10:25:14',0.009950,0.010381,0.010764,0.009743,0.008990,0.010348,0.011857,0.012024,0.011805,0.011085,0.010381,0.009707,0.008554,0.008231,0.007899,0.007619,0.007366,0.007243,0.007689,0.008370,0.008778,0.009225,0.009788,0.010966,0.011738,0.012910,0.013287,0.013430,0.013967,0.014209,0.014409,0.014075,0.014010,0.013432,0.013520,0.013481,0.013415,0.013289,0.013533,0.014621,0.015308,0.015971,0.016661,0.017331,0.017614,0.017707,0.017794,0.017669,0.017986,0.017697,0.017288,0.017953,0.017783,0.017832,0.018309,0.019074,0.020272,0.022103,0.025625,0.030850,0.037177,0.042103,0.044118,0.046114,0.051659,0.060210,0.068560,0.072145,0.068939,0.062295,0.055607,0.051119,0.049239,0.048940,0.050756,0.053453,0.055537,0.057873,0.059103,0.059010,0.058387,0.056314,0.053335,0.050226,0.047077,0.045350,0.044173,0.044195,0.044421,0.044747,0.044792,0.044611,0.043479,0.041860,0.039946,0.037939,0.036812,0.036553,0.037000,0.037908,0.038884,0.040093,0.041524,0.042369,0.042613,0.042605,0.042627,0.043157,0.043805,0.044257,0.045248,0.046251,0.047104,0.048529,0.049817,0.050783,0.051420,0.051929,0.052080,0.051822,0.050902,0.051067,0.051829,0.053012,0.054481,0.056263,0.058613,0.062430,0.066598,0.070783,0.074038,0.076238,0.078707,0.081230,0.084686,0.087592,0.089821,0.091185,0.092654,0.095001,0.097994,0.100873,0.103201,0.105527,0.107964,0.110904,0.113769,0.117491,0.121290,0.124989,0.128377,0.131071,0.132884,0.134241,0.134920,0.135799,0.137003,0.138092,0.139114,0.140847,0.142112,0.143806,0.145229,0.146586,0.147970,0.149286,0.150521,0.152572,0.155280,0.158487,0.163324,0.169458,0.175834,0.182351,0.188400,0.194246,0.199861,0.203161,0.204505,0.206387,0.208690,0.210798,0.213383,0.215486,0.217917,0.221260,0.225852,0.231571,0.236231,0.239840,0.241462,0.241240,0.240747,0.241359,0.243633,0.245229,0.247842,0.250864,0.253812,0.256817,0.258066,0.259333,0.262400,0.264348,0.267307,0.271807,0.276437,0.283114,0.295885,0.310146,0.316752,0.312335,0.306387,0.302439,0.301926,0.305618,0.314148,0.320389,0.325741,0.321515,0.311377,0.298460,0.284149,0.279745,0.276271,0.266649,0.257954,0.251163
